timestamp,user_id,endpoint,status_code
2026-09-01 10:09:54 , USR109 , /api/v1/login ,200
2026-09-01 10:09:54 , USR109 , /api/v1/login ,200
2026-09-01 10:09:54 , USR109 , /api/v1/login ,200
2026-09-01 10:09:54 , USR109 , /api/v1/login ,200
2026-09-01 10:09:54 , USR109 , /api/v1/login ,200
2026-09-01 10:09:54 , USR109 , /api/v1/login ,200
2026-09-01 10:09:54 , USR109 , /api/v1/login ,200
2026-09-01 10:09:54 , USR109 , /api/v1/login ,200
2026-09-01 10:09:54 , USR109 , /api/v1/login ,200
2026-09-01 10:09:54 , USR109 , /api/v1/login ,200
2026-09-01 10:09:54 , USR109 , /api/v1/login ,200
2026-09-01 10:09:54 , USR109 , /api/v1/login ,200
2026-09-01 10:09:54 , USR109 , /api/v1/login ,200
2026-09-01 10:09:54 , USR109 , /api/v1/login ,200
2026-09-01 10:09:54 , USR109 , /api/v1/login ,200
2026-09-01 10:09:54 , USR109 , /api/v1/login ,200
2026-09-01 10:09:54 , USR109 , /api/v1/login ,200
2026-09-01 10:09:54 , USR109 , /api/v1/login ,200
2026-09-01 10:09:54 , USR109 , /api/v1/login ,200
2026-09-01 10:09:54 , USR109 , /api/v1/login ,200
2026-09-01 10:09:54 , USR109 , /api/v1/login ,200
2026-09-01 10:09:54 , USR109 , /api/v1/login ,200
2026-09-01 10:09:54 , USR109 , /api/v1/login ,200
2026-09-01 10:09:54 , USR109 , /api/v1/login ,200
2026-09-01 10:09:54 , USR109 , /api/v1/login ,200
2026-09-01 10:09:54 , USR109 , /api/v1/login ,200
2026-09-01 10:09:54 , USR109 , /api/v1/login ,200
2026-09-01 10:09:54 , USR109 , /api/v1/login ,200
2026-09-01 10:09:54 , USR109 , /api/v1/login ,200
2026-09-01 10:09:54 , USR109 , /api/v1/login ,200
2026-09-01 10:09:54 , USR109 , /api/v1/login ,200
2026-09-01 10:09:54 , USR109 , /api/v1/login ,200
2026-09-01 10:09:54 , USR109 , /api/v1/login ,200
2026-09-01 10:09:54 , USR109 , /api/v1/login ,200
2026-09-01 10:09:54 , USR109 , /api/v1/login ,200
2026-09-01 10:09:54 , USR109 , /api/v1/login ,200
2026-09-01 10:09:54 , USR109 , /api/v1/login ,200
2026-09-01 10:09:54 , USR109 , /api/v1/login ,200
2026-09-01 10:09:54 , USR109 , /api/v1/login ,200
2026-09-01 10:09:54 , USR109 , /api/v1/login ,200
2026-09-01 10:09:54 , USR109 , /api/v1/login ,200
2026-09-01 10:09:54 , USR109 , /api/v1/login ,200
2026-09-01 10:09:54 , USR109 , /api/v1/login ,200
2026-09-01 10:09:54 , USR109 , /api/v1/login ,200
2026-09-01 10:09:54 , USR109 , /api/v1/login ,200
2026-09-01 10:09:54 , USR109 , /api/v1/login ,200
2026-09-01 10:09:54 , USR109 , /api/v1/login ,200
2026-09-01 10:09:54 , USR109 , /api/v1/login ,200
2026-09-01 10:09:54 , USR109 , /api/v1/login ,200
2026-09-01 10:09:54 , USR109 , /api/v1/login ,200
2026-09-01 10:09:54 , USR109 , /api/v1/login ,200
2026-09-01 10:09:54 , USR109 , /api/v1/login ,200
2026-09-01 10:09:54 , USR109 , /api/v1/login ,200
2026-09-01 10:09:54 , USR109 , /api/v1/login ,200
2026-09-01 10:09:54 , USR109 , /api/v1/login ,200
2026-09-01 10:09:54 , USR109 , /api/v1/login ,200
2026-09-01 10:09:54 , USR109 , /api/v1/login ,200
2026-09-01 10:09:54 , USR109 , /api/v1/login ,200
2026-09-01 10:09:54 , USR109 , /api/v1/login ,200
2026-09-01 10:09:54 , USR109 , /api/v1/login ,200
2026-09-01 10:09:54 , USR109 , /api/v1/login ,200
2026-09-01 10:09:54 , USR109 , /api/v1/login ,200
2026-09-01 10:09:54 , USR109 , /api/v1/login ,200
2026-09-01 10:09:54 , USR109 , /api/v1/login ,200
2026-09-01 10:09:54 , USR109 , /api/v1/login ,200
2026-09-01 10:09:54 , USR109 , /api/v1/login ,200
2026-09-01 10:09:54 , USR109 , /api/v1/login ,200
2026-09-01 10:09:54 , USR109 , /api/v1/login ,200
2026-09-01 10:09:54 , USR109 , /api/v1/login ,200
2026-09-01 10:09:54 , USR109 , /api/v1/login ,200
2026-09-01 10:09:54 , USR109 , /api/v1/login ,200
2026-09-01 10:09:54 , USR109 , /api/v1/login ,200
2026-09-01 10:09:54 , USR109 , /api/v1/login ,200
2026-09-01 10:09:54 , USR109 , /api/v1/login ,200
2026-09-01 10:09:54 , USR109 , /api/v1/login ,200
2026-09-01 10:09:54 , USR109 , /api/v1/login ,200
2026-09-01 10:09:54 , USR109 , /api/v1/login ,200
2026-09-01 10:09:54 , USR109 , /api/v1/login ,200
2026-09-01 10:09:54 , USR109 , /api/v1/login ,200
2026-09-01 10:09:54 , USR109 , /api/v1/login ,200
2026-09-01 10:09:54 , USR109 , /api/v1/login ,200
2026-09-01 10:09:54 , USR109 , /api/v1/login ,200
2026-09-01 10:09:54 , USR109 , /api/v1/login ,200
2026-09-01 10:09:54 , USR109 , /api/v1/login ,200
2026-09-01 10:09:54 , USR109 , /api/v1/login ,200
2026-09-01 10:09:54 , USR109 , /api/v1/login ,200
2026-09-01 10:09:54 , USR109 , /api/v1/login ,200
2026-09-01 10:09:54 , USR109 , /api/v1/login ,200
2026-09-01 10:09:54 , USR109 , /api/v1/login ,200
2026-09-01 10:09:54 , USR109 , /api/v1/login ,200
2026-09-01 10:09:54 , USR109 , /api/v1/login ,200
2026-09-01 10:09:54 , USR109 , /api/v1/login ,200
2026-09-01 10:09:54 , USR109 , /api/v1/login ,200
2026-09-01 10:09:54 , USR109 , /api/v1/login ,200
2026-09-01 10:09:54 , USR109 , /api/v1/login ,200
2026-09-01 10:09:54 , USR109 , /api/v1/login ,200
2026-09-01 10:09:54 , USR109 , /api/v1/login ,200
2026-09-01 10:09:54 , USR109 , /api/v1/login ,200
2026-09-01 10:09:54 , USR109 , /api/v1/login ,200
2026-09-01 10:09:54 , USR109 , /api/v1/login ,200
